Customer_ID,Name,Date_of_Birth,Purchase_Date,Purchase_Amount,City,Gender,Customer_Age
1654,Customer_1,1979-02-28,2023-01-26,3733.6,Mumbai,Female,47
1142,Customer_2,2007-03-15,2023-04-15,3415.83,Bangalore,Male,19
1604,Customer_3,1993-02-02,2023-02-02,246.01,Mumbai,Female,33
1517,Customer_4,2001-03-03,2023-01-28,2850.1,Pune,Female,25
1225,Customer_5,1994-04-25,2024-08-26,1463.13,Kolkata,Male,32
1777,Customer_6,1981-04-29,2024-03-08,1767.23,Mumbai,Female,45
1980,Customer_7,2008-05-31,2023-12-11,600.83,Chennai,Male,18
1367,Customer_8,1989-08-05,2024-09-10,1396.15,Hyderabad,Female,37
1549,Customer_9,1979-10-07,2024-01-23,486.12,Delhi,Male,47
1591,Customer_10,1982-10-16,2023-03-13,324.54,Mumbai,Male,44
1081,Customer_11,1984-08-10,2023-04-14,1962.62,Unknown,Male,42
1166,Customer_12,1990-10-09,2023-12-30,1126.58,Unknown,Male,36
1623,Customer_13,2002-08-25,2023-06-25,2717.29,Unknown,Female,24
1473,Customer_14,1991-03-09,2023-10-04,4948.66,Unknown,Female,35
1701,Customer_15,1988-09-17,2023-02-27,1222.34,Unknown,Male,38
1410,Customer_16,1986-03-05,2023-03-09,1133.82,Unknown,Male,40
1217,Customer_17,2003-07-26,2024-05-26,2038.6,Unknown,Female,23
1146,Customer_18,1986-01-17,2023-05-23,1308.47,Unknown,Male,40
1764,Customer_19,2000-05-21,2024-03-14,4499.33,Unknown,Male,26
1224,Customer_20,1980-05-15,2024-06-05,2518.23,Unknown,Male,46
1881,Customer_21,1979-01-31,2023-06-06,3174.49,Unknown,Female,47
1610,Customer_22,1977-01-05,2024-01-30,1969.93,Chennai,Male,49
1994,Customer_23,1998-12-25,2023-01-12,3433.39,Hyderabad,Male,28
1787,Customer_24,2002-12-01,2023-12-15,646.61,Chennai,Female,24
1464,Customer_25,1974-04-24,2023-09-27,4862.25,Kolkata,Female,52
1519,Customer_26,1978-12-09,2024-10-02,1562.38,Pune,Female,48
1156,Customer_27,1990-12-09,2023-06-15,2742.96,Kolkata,Male,36
1613,Customer_28,1988-09-14,2024-05-15,195.44,Delhi,Male,38
1245,Customer_29,1976-10-06,2023-09-04,4402.25,Hyderabad,Male,50
1749,Customer_30,1995-12-19,2023-03-12,4892.12,Bangalore,Female,31
1131,Customer_31,2003-10-05,2024-05-01,2537.1734883720933,Mumbai,Male,23
1540,Customer_32,2001-05-17,2024-03-09,2537.1734883720933,Bangalore,Female,25
1730,Customer_33,1988-02-24,2024-02-13,2537.1734883720933,Pune,Male,38
1448,Customer_34,1997-05-19,2024-04-07,2537.1734883720933,Mumbai,Male,29
1346,Customer_35,1975-02-09,2024-08-25,2537.1734883720933,Bangalore,Female,51
1007,Customer_36,1977-05-08,2024-10-08,2537.1734883720933,Hyderabad,Male,49
1880,Customer_37,1988-12-26,2023-03-14,2537.1734883720933,Delhi,Female,38
1219,Customer_38,1998-05-09,2023-05-16,2537.1734883720933,Bangalore,Female,28
1248,Customer_39,2009-05-12,2024-04-29,2537.1734883720933,Mumbai,Male,17
1099,Customer_40,2003-09-22,2024-03-17,2537.1734883720933,Chennai,Female,23
1884,Customer_41,2006-11-14,2023-02-25,2537.1734883720933,Pune,Male,20
1062,Customer_42,1992-03-23,2023-12-14,4022.9,Hyderabad,Female,34
1196,Customer_43,1982-09-12,2024-07-03,2298.21,Chennai,Female,44
1285,Customer_44,1994-12-01,2023-09-13,4384.98,Hyderabad,Female,32
1827,Customer_45,1998-11-07,2023-04-11,347.88,Bangalore,Male,28
1992,Customer_46,1978-05-08,2023-08-31,914.92,Chennai,Female,48
1218,Customer_47,1992-02-26,2023-03-02,906.72,Hyderabad,Female,34
1271,Customer_48,2009-05-03,2024-04-10,1497.72,Pune,Female,17
1158,Customer_49,1982-09-07,2023-10-31,1166.73,Hyderabad,Male,44
1765,Customer_50,1988-03-26,2023-02-28,345.7,Chennai,Female,38
1058,Customer_51,1996-12-11,2023-03-24,4271.58,Hyderabad,Male,30
1691,Customer_52,1984-09-18,2024-02-18,687.44,Bangalore,Female,42
1592,Customer_53,2000-10-31,2023-02-10,3134.97,Chennai,Male,26
1957,Customer_54,1985-11-11,2023-07-29,3381.66,Delhi,Female,41
1271,Customer_55,1991-12-02,2023-05-15,3391.28,Delhi,Female,35
1323,Customer_56,2007-11-22,2023-03-16,145.65,Bangalore,Male,19
1075,Customer_57,1998-04-13,2023-08-07,2578.84,Mumbai,Male,28
1902,Customer_58,1977-04-02,2023-09-08,1910.68,Mumbai,Female,49
1853,Customer_59,1998-07-14,2023-11-06,3097.22,Kolkata,Male,28
1683,Customer_60,1999-01-16,2023-11-03,4665.6,Hyderabad,Female,27
1270,Customer_61,1979-05-06,2023-04-20,3737.84,Mumbai,Male,47
1288,Customer_62,2001-04-18,2023-08-04,3616.3,Mumbai,Male,25
1517,Customer_63,1996-01-30,2023-09-15,4536.15,Kolkata,Male,30
1094,Customer_64,2002-08-14,2024-03-09,4163.81,Hyderabad,Male,24
1341,Customer_65,2008-10-03,2023-05-14,3221.86,Delhi,Female,18
1759,Customer_66,1993-12-26,2024-07-18,3557.77,Bangalore,Male,33
1114,Customer_67,1977-07-16,2023-06-02,2773.39,Kolkata,Male,49
1596,Customer_68,1998-12-13,2023-06-01,2205.95,Hyderabad,Male,28
1373,Customer_69,1975-12-15,2024-01-02,1129.38,Mumbai,Male,51
1362,Customer_70,2009-02-27,2024-07-27,4432.26,Chennai,Female,17
1947,Customer_71,1984-10-13,2023-06-16,4883.41,Kolkata,Female,42
1902,Customer_72,1992-08-29,2023-01-26,978.87,Delhi,Female,34
1821,Customer_73,2004-03-19,2023-09-12,1407.35,Kolkata,Male,22
1391,Customer_74,1975-11-26,2024-04-26,1189.93,Kolkata,Female,51
1358,Customer_75,1987-11-09,2023-08-22,1192.33,Pune,Female,39
1408,Customer_76,1988-11-21,2023-10-13,4335.33,Kolkata,Male,38
1359,Customer_77,2002-12-10,2024-06-05,2058.42,Kolkata,Male,24
1961,Customer_78,1975-05-28,2023-04-29,4397.49,Delhi,Female,51
1594,Customer_79,1986-01-27,2023-02-09,631.17,Chennai,Male,40
1746,Customer_80,2009-06-10,2023-11-18,2238.33,Bangalore,Male,17
1394,Customer_81,2000-01-11,2023-07-14,1348.14,Pune,Female,26
1001,Customer_82,1997-06-27,2024-07-05,3465.6,Pune,Female,29
1372,Customer_83,1993-07-06,2023-03-13,4749.48,Delhi,Male,33
1679,Customer_84,1979-10-03,2023-11-04,2584.9,Pune,Female,47
1334,Customer_85,1992-03-19,2023-10-30,2816.62,Mumbai,Female,34
1680,Customer_86,1991-03-04,2024-11-24,3765.86,Mumbai,Male,35
1415,Customer_87,1998-09-29,2023-01-01,1588.99,Mumbai,Female,28
1804,Customer_88,2000-03-07,2024-09-13,3308.06,Chennai,Female,26
1452,Customer_89,2004-06-21,2023-08-07,2604.75,Kolkata,Female,22
1674,Customer_90,1977-12-20,2023-10-18,2625.71,Pune,Male,49
1095,Customer_91,2007-11-10,2023-08-29,3396.7,Mumbai,Female,19
1150,Customer_92,1975-04-06,2023-02-17,1299.73,Chennai,Male,51
1466,Customer_93,1992-10-03,2024-10-06,2920.79,Pune,Female,34
1506,Customer_94,1992-02-03,2023-09-07,823.1,Pune,Male,34
1914,Customer_95,2007-11-07,2023-04-20,3914.26,Mumbai,Female,19
1823,Customer_96,2005-05-19,2024-06-14,2376.29,Bangalore,Female,21
1939,Customer_97,1979-08-11,2024-04-12,753.36,Chennai,Male,47
1972,Customer_98,2008-01-17,2024-03-29,3102.0,Pune,Female,18
1850,Customer_99,1998-09-28,2024-04-01,4496.32,Pune,Female,28
1460,Customer_100,1985-10-16,2023-09-11,4215.33,Delhi,Female,41
1641,Customer_101,1984-11-23,2023-10-09,2255.38,Pune,Male,42
1240,Customer_102,1986-05-09,2023-12-10,1666.58,Bangalore,Male,40
1141,Customer_103,1980-12-06,2023-08-25,1976.87,Mumbai,Female,46
1065,Customer_104,1992-10-10,2024-02-22,1721.32,Chennai,Female,34
1063,Customer_105,1983-06-11,2024-03-06,2008.44,Kolkata,Male,43
1877,Customer_106,2008-07-04,2024-08-12,1963.87,Hyderabad,Male,18
1305,Customer_107,2007-12-18,2024-02-04,4281.89,Kolkata,Female,19
1551,Customer_108,2007-09-12,2024-07-13,4019.35,Mumbai,Female,19
1224,Customer_109,1986-05-29,2024-03-22,2479.65,Chennai,Male,40
1684,Customer_110,2004-08-18,2024-02-19,3648.49,Kolkata,Female,22
1941,Customer_111,1979-11-22,2024-09-29,2717.21,Chennai,Male,47
1085,Customer_112,2002-12-30,2024-03-14,764.93,Chennai,Female,24
1051,Customer_113,1985-11-01,2024-01-24,1704.03,Chennai,Male,41
1345,Customer_114,2008-04-23,2024-01-24,1463.46,Kolkata,Female,18
1258,Customer_115,1977-11-02,2024-04-26,194.98,Bangalore,Male,49
1974,Customer_116,1989-11-11,2023-08-18,3285.71,Kolkata,Male,37
1772,Customer_117,1975-07-23,2023-09-11,1076.87,Hyderabad,Female,51
1244,Customer_118,1979-10-30,2024-04-29,3380.35,Bangalore,Female,47
1476,Customer_119,2005-07-17,2023-09-20,3857.8,Mumbai,Male,21
1796,Customer_120,1981-07-06,2023-11-15,629.68,Hyderabad,Male,45
1589,Customer_121,2004-07-19,2024-01-20,2043.61,Pune,Female,22
1077,Customer_122,2000-09-21,2024-10-04,1289.96,Pune,Male,26
1870,Customer_123,2004-11-09,2024-09-06,4047.09,Kolkata,Male,22
1355,Customer_124,1998-01-23,2024-03-14,3341.45,Hyderabad,Male,28
1012,Customer_125,1993-01-03,2024-05-16,617.14,Delhi,Female,33
1724,Customer_126,1981-01-10,2024-03-21,963.07,Bangalore,Male,45
1630,Customer_127,1998-04-22,2024-05-10,2377.88,Kolkata,Male,28
1330,Customer_128,1985-03-06,2023-03-30,1466.75,Chennai,Female,41
1768,Customer_129,1995-01-04,2024-08-06,3090.63,Chennai,Male,31
1029,Customer_130,1996-05-03,2023-11-29,991.02,Mumbai,Male,30
1816,Customer_131,1985-10-02,2023-12-15,1470.33,Bangalore,Male,41
1569,Customer_132,1974-08-15,2024-06-13,4745.51,Hyderabad,Female,52
1737,Customer_133,1992-05-24,2024-05-15,2820.36,Mumbai,Female,34
1661,Customer_134,2006-02-04,2024-05-17,2296.06,Hyderabad,Male,20
1301,Customer_135,1984-02-08,2024-02-19,3489.76,Delhi,Male,42
1484,Customer_136,1998-12-29,2024-06-27,1784.41,Pune,Male,28
1360,Customer_137,2005-09-10,2024-04-09,1427.49,Delhi,Female,21
1123,Customer_138,2006-07-09,2023-07-17,1646.18,Pune,Female,20
1196,Customer_139,1983-11-15,2024-05-10,1454.85,Bangalore,Male,43
1102,Customer_140,1982-11-15,2023-10-31,1214.67,Mumbai,Male,44
1014,Customer_141,2005-12-04,2024-06-30,720.26,Hyderabad,Male,21
1566,Customer_142,1987-04-09,2023-05-10,3225.56,Kolkata,Female,39
1105,Customer_143,1974-09-18,2024-08-10,1493.26,Chennai,Female,52
1348,Customer_144,1982-06-08,2023-02-22,1337.14,Kolkata,Female,44
1116,Customer_145,1977-02-04,2024-02-15,2509.56,Bangalore,Male,49
1155,Customer_146,1980-11-09,2024-07-30,4750.72,Hyderabad,Female,46
1121,Customer_147,1999-03-14,2024-03-02,3070.96,Kolkata,Female,27
1794,Customer_148,1997-08-09,2024-01-25,2307.52,Chennai,Male,29
1880,Customer_149,2000-07-25,2024-03-15,1596.36,Bangalore,Male,26
1624,Customer_150,2007-05-13,2023-04-12,4743.19,Mumbai,Female,19
1270,Customer_151,2003-10-16,2023-03-25,869.58,Mumbai,Male,23
1160,Customer_152,1974-04-14,2024-02-23,2307.47,Bangalore,Female,52
1298,Customer_153,1975-08-18,2023-08-26,1511.71,Delhi,Female,51
1072,Customer_154,2004-12-31,2023-08-28,4627.16,Kolkata,Female,22
1435,Customer_155,1979-04-25,2024-07-11,1201.57,Mumbai,Male,47
1846,Customer_156,1980-07-18,2023-03-15,392.23,Kolkata,Male,46
1609,Customer_157,2007-10-05,2024-08-05,4613.84,Chennai,Male,19
1479,Customer_158,2005-01-21,2023-11-08,3528.7,Delhi,Female,21
1448,Customer_159,1977-10-09,2024-09-04,295.32,Chennai,Male,49
1618,Customer_160,1985-05-25,2023-01-27,547.5,Pune,Male,41
1783,Customer_161,2004-04-27,2023-10-03,2923.61,Kolkata,Female,22
1481,Customer_162,1997-06-11,2024-10-29,2266.92,Delhi,Female,29
1599,Customer_163,1993-09-19,2024-10-12,4089.8,Hyderabad,Female,33
1356,Customer_164,1992-06-25,2023-12-08,1673.19,Hyderabad,Female,34
1337,Customer_165,1992-08-18,2024-05-22,1512.27,Chennai,Male,34
1465,Customer_166,1978-02-11,2023-11-19,1336.75,Hyderabad,Female,48
1885,Customer_167,1997-04-01,2023-01-02,3322.54,Bangalore,Female,29
1423,Customer_168,1976-08-06,2023-07-12,2640.35,Bangalore,Female,50
1640,Customer_169,1993-12-29,2023-02-22,1097.44,Bangalore,Female,33
1949,Customer_170,1987-02-01,2024-03-24,4416.15,Chennai,Male,39
1029,Customer_171,2002-06-05,2024-09-15,4016.64,Pune,Female,24
1318,Customer_172,1998-11-15,2023-01-15,2806.03,Hyderabad,Female,28
1861,Customer_173,1979-04-03,2024-04-17,4740.6,Pune,Female,47
1510,Customer_174,2006-04-23,2023-10-26,2593.47,Delhi,Female,20
1854,Customer_175,1995-10-23,2024-04-28,1294.28,Bangalore,Female,31
1392,Customer_176,1982-09-18,2024-09-05,2590.38,Mumbai,Male,44
1282,Customer_177,2008-10-28,2024-02-29,1765.39,Kolkata,Male,18
1840,Customer_178,1974-04-13,2023-10-17,3657.65,Kolkata,Female,52
1886,Customer_179,1980-10-30,2024-04-02,2739.04,Delhi,Male,46
1565,Customer_180,2008-05-20,2024-07-10,1948.33,Delhi,Female,18
1714,Customer_181,1984-11-16,2024-08-08,1976.56,Kolkata,Female,42
1044,Customer_182,1988-06-09,2024-04-29,3555.62,Kolkata,Female,38
1395,Customer_183,2003-12-08,2024-10-29,4906.01,Chennai,Male,23
1129,Customer_184,1996-09-11,2024-08-27,1726.77,Hyderabad,Female,30
1102,Customer_185,1997-10-04,2024-04-12,175.2,Mumbai,Female,29
1891,Customer_186,2003-07-15,2023-06-08,466.66,Kolkata,Male,23
1346,Customer_187,2002-02-14,2024-02-12,3284.2,Kolkata,Male,24
1872,Customer_188,2004-05-31,2024-06-30,1962.05,Delhi,Female,22
1893,Customer_189,1998-06-08,2023-02-06,3125.55,Mumbai,Male,28
1232,Customer_190,2007-08-31,2023-04-03,2226.46,Hyderabad,Male,19
1454,Customer_191,1981-08-17,2023-11-03,4526.78,Hyderabad,Male,45
1815,Customer_192,1976-09-06,2023-10-28,1856.47,Chennai,Female,50
1250,Customer_193,1997-12-28,2024-02-26,2873.05,Kolkata,Female,29
1174,Customer_194,1982-01-07,2023-03-22,3086.51,Chennai,Female,44
1509,Customer_195,2000-04-28,2023-05-27,1237.72,Pune,Male,26
1470,Customer_196,1985-08-14,2024-11-13,146.05,Kolkata,Female,41
1922,Customer_197,1987-01-25,2024-11-24,2778.33,Hyderabad,Female,39
1967,Customer_198,1989-08-31,2024-08-24,1565.86,Chennai,Male,37
1467,Customer_199,1987-09-19,2023-07-23,4996.93,Kolkata,Female,39
1109,Customer_200,1984-10-21,2024-01-26,2902.42,Bangalore,Male,42
1716,Customer_201,1987-05-30,2023-01-23,4891.93,Pune,Female,39
1281,Customer_202,1974-07-12,2024-08-02,4338.83,Kolkata,Male,52
1932,Customer_203,2001-05-14,2024-05-23,4180.91,Delhi,Female,25
1621,Customer_204,1989-12-20,2023-08-13,3219.43,Bangalore,Male,37
1694,Customer_205,2008-01-22,2024-11-06,3436.19,Mumbai,Male,18
1925,Customer_206,2002-04-24,2024-10-23,293.17,Kolkata,Female,24
1034,Customer_207,2000-02-29,2024-01-09,3688.56,Hyderabad,Male,26
1334,Customer_208,2007-09-11,2024-03-01,960.64,Mumbai,Male,19
1543,Customer_209,1996-09-03,2023-10-07,4169.32,Delhi,Female,30
1990,Customer_210,1987-05-28,2023-12-13,4040.74,Chennai,Male,39
1144,Customer_211,2007-12-30,2023-08-20,4314.69,Pune,Female,19
1990,Customer_212,1999-03-02,2024-01-10,542.48,Chennai,Male,27
1270,Customer_213,1998-03-27,2023-05-07,2328.45,Pune,Male,28
1598,Customer_214,1991-04-04,2024-10-15,4707.43,Hyderabad,Female,35
1482,Customer_215,1975-04-16,2024-09-26,4432.75,Bangalore,Male,51
1937,Customer_216,2001-07-13,2023-08-15,3273.5,Pune,Female,25
1931,Customer_217,2005-08-12,2023-11-06,3281.27,Hyderabad,Female,21
1046,Customer_218,1975-11-01,2023-11-08,4980.04,Hyderabad,Male,51
1240,Customer_219,1998-04-12,2023-05-19,2004.36,Delhi,Female,28
1601,Customer_220,2007-06-18,2023-06-08,4438.53,Pune,Male,19
1853,Customer_221,1996-02-12,2024-09-22,2099.77,Delhi,Male,30
1706,Customer_222,1990-10-14,2023-08-11,2272.58,Mumbai,Male,36
1101,Customer_223,2004-12-03,2024-01-12,2767.88,Pune,Male,22
1062,Customer_224,1992-01-10,2023-10-10,1030.06,Hyderabad,Female,34
1093,Customer_225,2003-11-23,2023-08-06,3244.35,Bangalore,Male,23
1051,Customer_226,2009-06-16,2023-12-08,1293.49,Mumbai,Female,17
1070,Customer_227,2008-06-27,2024-07-21,1115.07,Mumbai,Female,18
1336,Customer_228,2008-11-25,2023-06-01,3964.35,Bangalore,Male,18
1283,Customer_229,1980-08-27,2023-05-14,2747.06,Kolkata,Female,46
1112,Customer_230,2003-10-26,2023-01-27,745.84,Delhi,Female,23
1602,Customer_231,1988-09-08,2023-01-17,953.81,Hyderabad,Female,38
1759,Customer_232,1993-01-18,2024-06-22,656.88,Hyderabad,Female,33
1459,Customer_233,2009-01-24,2024-01-06,2614.87,Hyderabad,Female,17
1515,Customer_234,1984-02-07,2024-09-21,312.49,Kolkata,Male,42
1469,Customer_235,2003-01-09,2023-02-01,398.04,Chennai,Female,23
1436,Customer_236,2004-12-10,2023-04-21,2502.32,Chennai,Male,22
1920,Customer_237,1977-10-15,2023-11-26,3080.66,Hyderabad,Female,49
1281,Customer_238,2002-03-03,2024-10-10,2968.29,Pune,Male,24
1390,Customer_239,2000-12-17,2024-06-27,1545.0,Bangalore,Female,26
1101,Customer_240,2009-09-28,2023-04-28,4278.68,Pune,Female,17
1440,Customer_241,1994-06-03,2023-08-22,2127.69,Kolkata,Female,32
1408,Customer_242,1992-10-28,2023-04-08,1631.49,Delhi,Male,34
1383,Customer_243,1981-01-04,2024-04-30,428.95,Kolkata,Male,45
1095,Customer_244,1993-07-15,2023-04-09,3748.49,Delhi,Female,33
1569,Customer_245,1976-11-08,2024-08-23,4787.46,Bangalore,Male,50
1686,Customer_246,1979-08-25,2024-02-25,1832.63,Pune,Female,47
1888,Customer_247,2006-07-05,2023-02-22,4845.15,Bangalore,Male,20
1360,Customer_248,1978-10-24,2024-08-14,2586.32,Mumbai,Female,48
1229,Customer_249,1979-01-08,2023-12-25,4242.33,Delhi,Male,47
1780,Customer_250,1986-08-30,2024-08-10,1208.18,Chennai,Male,40
1623,Customer_251,2003-09-03,2023-10-01,241.87,Delhi,Male,23
1943,Customer_252,1989-05-29,2023-12-26,129.92,Kolkata,Female,37
1579,Customer_253,2003-08-26,2024-02-15,440.97,Pune,Male,23
1093,Customer_254,2007-08-20,2024-06-27,1154.15,Chennai,Female,19
1349,Customer_255,1981-03-23,2024-01-14,1627.02,Delhi,Male,45
1904,Customer_256,1976-07-10,2023-06-09,871.31,Bangalore,Male,50
1690,Customer_257,1977-10-28,2023-10-06,2271.25,Chennai,Female,49
1621,Customer_258,1993-12-29,2024-02-29,1438.52,Kolkata,Male,33
1353,Customer_259,1993-06-13,2023-04-24,1487.91,Pune,Female,33
1539,Customer_260,2004-02-03,2023-11-12,322.55,Chennai,Male,22
1007,Customer_261,1983-05-03,2023-11-05,4732.09,Kolkata,Female,43
1782,Customer_262,1985-08-17,2023-10-24,1707.8,Hyderabad,Female,41
1764,Customer_263,1993-06-25,2023-06-29,733.01,Bangalore,Female,33
1512,Customer_264,1999-03-25,2024-11-15,4050.38,Hyderabad,Female,27
1882,Customer_265,2007-06-14,2023-02-13,2237.48,Chennai,Male,19
1882,Customer_266,1988-03-17,2024-08-12,2203.49,Chennai,Female,38
1296,Customer_267,1979-05-02,2024-02-19,202.2,Delhi,Female,47
1820,Customer_268,2001-11-22,2024-04-16,4176.93,Delhi,Male,25
1447,Customer_269,1978-11-30,2023-09-07,2234.81,Chennai,Male,48
1405,Customer_270,1988-01-31,2023-12-14,1185.7,Kolkata,Female,38
1078,Customer_271,1997-01-23,2024-10-10,658.73,Bangalore,Female,29
1927,Customer_272,2008-12-25,2023-12-24,1820.39,Kolkata,Female,18
1241,Customer_273,1978-10-11,2023-05-30,1354.24,Mumbai,Female,48
1778,Customer_274,2008-03-20,2024-11-02,469.23,Kolkata,Female,18
1475,Customer_275,2008-01-03,2024-07-31,3823.4,Chennai,Male,18
1884,Customer_276,2002-04-20,2023-11-20,839.69,Hyderabad,Female,24
1452,Customer_277,2002-06-27,2023-11-07,4002.02,Bangalore,Male,24
1360,Customer_278,1996-12-03,2023-03-17,1621.0,Chennai,Male,30
1058,Customer_279,1990-09-15,2023-10-21,475.98,Kolkata,Male,36
1629,Customer_280,2000-10-24,2024-06-03,1983.96,Bangalore,Male,26
1460,Customer_281,1999-10-23,2024-10-29,1022.37,Bangalore,Female,27
1513,Customer_282,1980-12-06,2023-03-05,2307.56,Kolkata,Male,46
1731,Customer_283,1977-12-12,2024-05-31,3266.02,Hyderabad,Female,49
1724,Customer_284,1993-10-20,2024-03-25,2667.94,Bangalore,Female,33
1372,Customer_285,1990-11-21,2023-10-17,1998.34,Kolkata,Male,36
1695,Customer_286,2000-12-25,2023-02-23,3967.21,Pune,Male,26
1067,Customer_287,1988-12-14,2023-04-07,2834.02,Chennai,Male,38
1258,Customer_288,2006-08-18,2024-11-03,4825.61,Bangalore,Female,20
1341,Customer_289,1977-10-27,2024-08-19,3351.7,Delhi,Male,49
1990,Customer_290,2003-08-05,2024-11-09,2020.59,Bangalore,Male,23
1317,Customer_291,1999-03-28,2024-01-21,3253.12,Delhi,Female,27
1686,Customer_292,2005-09-10,2024-06-23,557.92,Pune,Female,21
1520,Customer_293,1990-05-25,2023-01-19,1876.73,Mumbai,Female,36
1349,Customer_294,2008-07-13,2024-05-12,1040.83,Mumbai,Female,18
1079,Customer_295,1987-06-08,2023-04-14,2587.68,Bangalore,Male,39
1677,Customer_296,1989-04-09,2024-09-24,742.14,Chennai,Female,37
1166,Customer_297,1982-04-11,2024-10-01,4064.31,Mumbai,Female,44
1044,Customer_298,1992-08-05,2024-01-09,3414.18,Mumbai,Female,34
1625,Customer_299,1986-12-12,2024-04-04,1246.61,Mumbai,Male,40
1988,Customer_300,2009-05-08,2024-04-25,4529.47,Mumbai,Male,17
1694,Customer_301,1999-10-02,2024-03-27,2362.23,Delhi,Female,27
1514,Customer_302,1997-10-28,2024-03-04,4834.71,Kolkata,Female,29
1820,Customer_303,2001-04-15,2023-05-22,4377.71,Hyderabad,Female,25
1895,Customer_304,1990-10-25,2024-07-21,4678.04,Pune,Male,36
1291,Customer_305,1977-12-05,2023-06-14,1436.68,Bangalore,Female,49
1850,Customer_306,1993-10-15,2023-04-04,4737.42,Mumbai,Female,33
1905,Customer_307,1989-11-05,2023-01-28,2132.99,Chennai,Male,37
1241,Customer_308,1991-06-27,2023-03-25,1937.07,Hyderabad,Male,35
1953,Customer_309,1978-08-11,2024-10-27,1742.92,Mumbai,Female,48
1039,Customer_310,1987-01-13,2024-04-28,3510.75,Mumbai,Female,39
1459,Customer_311,2001-10-07,2023-01-06,4538.7,Hyderabad,Male,25
1220,Customer_312,1980-11-14,2024-07-15,4707.11,Bangalore,Female,46
1113,Customer_313,2008-12-24,2023-10-23,1264.44,Hyderabad,Male,18
1244,Customer_314,1992-12-30,2024-10-16,3990.11,Chennai,Male,34
1113,Customer_315,1996-08-02,2024-09-03,2726.66,Pune,Female,30
1735,Customer_316,1980-08-09,2023-10-26,2203.27,Bangalore,Male,46
1246,Customer_317,1999-10-06,2024-03-02,1017.84,Pune,Male,27
1536,Customer_318,1990-05-05,2023-03-11,4771.68,Bangalore,Male,36
1399,Customer_319,1995-04-03,2023-02-14,3214.79,Delhi,Male,31
1765,Customer_320,1974-11-23,2024-01-01,3963.75,Delhi,Female,52
1750,Customer_321,2003-08-22,2024-10-05,607.95,Bangalore,Male,23
1136,Customer_322,1976-02-26,2023-12-27,2775.47,Kolkata,Female,50
1850,Customer_323,2009-02-11,2024-04-20,4906.01,Chennai,Female,17
1830,Customer_324,1980-03-19,2023-03-06,3608.62,Chennai,Male,46
1300,Customer_325,1983-03-17,2023-02-14,3976.44,Hyderabad,Male,43
1955,Customer_326,1988-01-28,2024-06-11,2051.3,Kolkata,Female,38
1259,Customer_327,1975-10-22,2024-10-24,1036.41,Delhi,Male,51
1886,Customer_328,2003-07-31,2023-12-06,1438.76,Kolkata,Male,23
1447,Customer_329,1992-02-09,2024-03-26,4483.72,Chennai,Male,34
1997,Customer_330,1982-07-18,2024-05-23,3491.14,Delhi,Male,44
1820,Customer_331,1977-11-14,2024-03-10,486.74,Bangalore,Female,49
1558,Customer_332,1987-05-06,2023-11-25,602.73,Delhi,Male,39
1313,Customer_333,1994-03-02,2024-09-09,3616.55,Mumbai,Female,32
1359,Customer_334,1994-03-22,2023-02-13,3661.39,Delhi,Female,32
1281,Customer_335,2002-11-07,2023-02-28,467.7,Pune,Female,24
1372,Customer_336,1997-03-07,2024-11-26,883.93,Hyderabad,Female,29
1869,Customer_337,2001-06-02,2024-11-25,3928.43,Hyderabad,Female,25
1068,Customer_338,1984-10-01,2024-10-22,1895.01,Chennai,Male,42
1619,Customer_339,1981-01-17,2024-11-26,2304.62,Delhi,Male,45
1454,Customer_340,2008-05-24,2023-03-20,2912.22,Bangalore,Male,18
1407,Customer_341,1988-04-07,2024-10-27,1465.58,Hyderabad,Male,38
1753,Customer_342,1982-07-06,2024-05-26,2636.95,Bangalore,Male,44
1268,Customer_343,2008-12-05,2023-09-24,3549.79,Mumbai,Male,18
1710,Customer_344,1996-03-13,2023-07-24,700.92,Kolkata,Male,30
1462,Customer_345,1981-11-28,2024-03-31,4986.59,Kolkata,Male,45
1683,Customer_346,1989-10-01,2023-03-08,2794.99,Delhi,Male,37
1871,Customer_347,1981-03-25,2024-10-15,953.05,Delhi,Female,45
1124,Customer_348,1983-03-07,2023-05-23,1260.01,Chennai,Male,43
1369,Customer_349,1999-01-07,2024-08-09,1907.66,Kolkata,Female,27
1626,Customer_350,1978-01-12,2023-03-09,1615.52,Pune,Female,48
1538,Customer_351,1992-08-04,2024-02-24,4134.36,Hyderabad,Female,34
1995,Customer_352,1988-05-21,2024-10-19,463.41,Chennai,Male,38
1131,Customer_353,2009-03-01,2024-07-18,3234.99,Mumbai,Female,17
1443,Customer_354,1996-09-20,2023-02-26,4173.81,Bangalore,Female,30
1311,Customer_355,1981-07-20,2023-06-15,1681.04,Pune,Female,45
1354,Customer_356,1997-06-10,2023-10-18,4245.08,Delhi,Female,29
1650,Customer_357,1998-11-15,2023-10-09,713.33,Delhi,Male,28
1514,Customer_358,2002-12-01,2023-06-22,2999.86,Bangalore,Female,24
1175,Customer_359,2003-09-18,2024-10-01,3631.1,Bangalore,Male,23
1862,Customer_360,1999-06-13,2023-02-12,4143.66,Hyderabad,Male,27
1046,Customer_361,2002-12-09,2024-08-13,1396.81,Mumbai,Female,24
1632,Customer_362,2002-10-30,2023-02-01,2540.39,Pune,Male,24
1657,Customer_363,1987-09-19,2024-05-09,1299.9,Kolkata,Female,39
1304,Customer_364,1994-07-05,2023-03-16,3474.21,Mumbai,Female,32
1425,Customer_365,1995-11-20,2024-04-20,1099.71,Bangalore,Female,31
1320,Customer_366,2006-05-22,2023-11-23,3697.58,Kolkata,Male,20
1998,Customer_367,1992-01-19,2023-05-14,3827.26,Bangalore,Male,34
1326,Customer_368,1985-01-03,2024-04-22,700.36,Chennai,Female,41
1144,Customer_369,1978-07-05,2023-02-21,1522.04,Chennai,Female,48
1254,Customer_370,1981-04-30,2023-12-02,4675.38,Pune,Male,45
1194,Customer_371,2008-05-24,2023-06-13,2541.5,Bangalore,Female,18
1510,Customer_372,1988-01-03,2024-05-24,213.56,Chennai,Female,38
1989,Customer_373,1984-12-18,2023-08-09,2958.39,Hyderabad,Male,42
1288,Customer_374,1996-05-13,2024-09-03,4423.46,Pune,Female,30
1292,Customer_375,1998-03-29,2023-01-09,4251.14,Chennai,Female,28
1903,Customer_376,1986-01-11,2024-01-10,3842.9,Delhi,Male,40
1410,Customer_377,1976-06-17,2024-08-06,2852.9,Delhi,Male,50
1075,Customer_378,1991-06-30,2024-05-31,2306.74,Bangalore,Male,35
1845,Customer_379,2002-02-14,2024-11-27,3094.11,Mumbai,Male,24
1403,Customer_380,1990-11-27,2023-12-14,2833.38,Delhi,Female,36
1203,Customer_381,2001-03-10,2024-06-05,2066.8,Hyderabad,Male,25
1039,Customer_382,1980-04-24,2023-12-08,4039.43,Bangalore,Female,46
1152,Customer_383,2001-05-11,2024-06-11,784.93,Bangalore,Male,25
1166,Customer_384,1991-10-17,2024-09-23,3722.66,Delhi,Male,35
1519,Customer_385,1997-01-11,2024-06-29,2500.25,Bangalore,Male,29
1486,Customer_386,1974-11-29,2024-01-13,1723.07,Hyderabad,Female,52
1597,Customer_387,1987-12-19,2024-10-06,230.57,Chennai,Male,39
1990,Customer_388,2003-07-29,2024-08-15,2930.41,Pune,Male,23
1597,Customer_389,1995-09-19,2023-06-24,2668.74,Pune,Female,31
1151,Customer_390,2004-09-13,2023-09-06,254.7,Pune,Male,22
1195,Customer_391,1975-01-06,2024-03-27,1637.09,Mumbai,Female,51
1707,Customer_392,1983-04-24,2024-02-25,2558.92,Bangalore,Female,43
1893,Customer_393,2007-03-04,2023-03-05,3558.3,Bangalore,Female,19
1574,Customer_394,1988-09-29,2024-11-09,2444.02,Chennai,Male,38
1979,Customer_395,1981-12-07,2024-04-15,4569.41,Delhi,Male,45
1692,Customer_396,2008-10-17,2024-11-28,3252.21,Pune,Male,18
1624,Customer_397,1995-11-19,2023-07-16,4790.95,Delhi,Male,31
1230,Customer_398,1987-07-08,2023-10-23,3554.01,Pune,Female,39
1324,Customer_399,1995-09-09,2023-12-24,2846.39,Kolkata,Male,31
1294,Customer_400,1979-08-19,2024-08-10,3415.45,Chennai,Female,47
1838,Customer_401,1989-08-24,2023-05-30,1523.22,Delhi,Male,37
1354,Customer_402,1994-01-03,2024-11-02,1356.58,Chennai,Female,32
1206,Customer_403,1998-04-29,2023-10-05,4671.82,Pune,Male,28
1140,Customer_404,1979-01-24,2024-09-22,3730.37,Mumbai,Female,47
1051,Customer_405,2004-03-18,2024-06-27,1205.79,Mumbai,Male,22
1102,Customer_406,1992-09-14,2023-12-05,3615.05,Hyderabad,Female,34
1005,Customer_407,1998-11-07,2023-06-11,2093.85,Chennai,Female,28
1666,Customer_408,1983-02-10,2023-10-22,1673.72,Pune,Male,43
1929,Customer_409,2008-08-24,2023-04-02,3296.26,Mumbai,Male,18
1935,Customer_410,1982-01-07,2024-03-03,4423.0,Mumbai,Male,44
1856,Customer_411,1991-12-22,2024-05-22,1012.93,Pune,Male,35
1897,Customer_412,1975-11-05,2023-01-10,1562.12,Bangalore,Male,51
1950,Customer_413,1989-03-12,2023-10-19,2326.31,Pune,Female,37
1910,Customer_414,1980-03-08,2024-05-31,2393.3,Mumbai,Male,46
1338,Customer_415,1981-06-15,2024-04-14,3276.6,Pune,Female,45
1014,Customer_416,2007-03-17,2023-12-12,3974.76,Bangalore,Female,19
1179,Customer_417,2001-07-27,2024-10-16,4495.51,Kolkata,Female,25
1527,Customer_418,1988-11-15,2023-03-30,2064.08,Hyderabad,Female,38
1143,Customer_419,1995-08-01,2023-11-28,4685.54,Hyderabad,Male,31
1392,Customer_420,1984-09-23,2024-04-02,3793.41,Delhi,Male,42
1596,Customer_421,2006-08-04,2024-08-09,156.04,Pune,Male,20
1709,Customer_422,1984-10-06,2023-03-05,3372.15,Chennai,Male,42
1163,Customer_423,1992-05-08,2024-05-29,4623.22,Pune,Male,34
1706,Customer_424,1979-06-07,2024-10-16,4589.04,Delhi,Male,47
1629,Customer_425,1984-01-27,2023-08-13,4791.07,Chennai,Female,42
1465,Customer_426,2007-09-15,2024-09-12,1930.76,Pune,Female,19
1775,Customer_427,1998-04-11,2024-11-11,4145.46,Kolkata,Female,28
1696,Customer_428,2008-01-08,2024-09-02,4378.36,Hyderabad,Female,18
1540,Customer_429,2005-09-25,2024-01-06,482.7,Bangalore,Male,21
1063,Customer_430,1998-09-24,2024-06-01,1090.57,Bangalore,Female,28
1168,Customer_431,1988-11-18,2024-06-16,2265.02,Pune,Female,38
1734,Customer_432,2000-04-28,2024-05-15,545.61,Bangalore,Female,26
1828,Customer_433,1976-08-29,2024-04-09,746.53,Chennai,Female,50
1577,Customer_434,1976-10-02,2024-07-26,2365.65,Kolkata,Male,50
1740,Customer_435,1975-02-21,2024-02-10,1346.84,Hyderabad,Female,51
1592,Customer_436,1977-06-10,2023-02-16,2176.12,Pune,Male,49
1554,Customer_437,1976-11-13,2023-03-12,4932.07,Chennai,Male,50
1293,Customer_438,1992-07-03,2023-07-04,3867.96,Kolkata,Female,34
1383,Customer_439,1991-04-28,2024-04-04,4361.14,Chennai,Female,35
1082,Customer_440,2004-10-15,2024-11-08,4385.31,Mumbai,Male,22
1121,Customer_441,1982-03-04,2024-07-04,2025.99,Mumbai,Female,44
1854,Customer_442,1974-04-27,2023-01-24,4894.6,Chennai,Female,52
1544,Customer_443,1991-03-07,2023-08-24,1312.81,Delhi,Female,35
1282,Customer_444,1982-08-15,2023-04-26,257.86,Pune,Female,44
1629,Customer_445,2008-07-12,2023-01-17,1279.26,Hyderabad,Male,18
1608,Customer_446,1975-09-03,2024-04-02,3029.15,Pune,Male,51
1250,Customer_447,2007-05-21,2023-02-15,2071.1,Mumbai,Female,19
1772,Customer_448,2008-12-23,2023-02-27,786.66,Delhi,Female,18
1835,Customer_449,2006-12-24,2024-08-12,1662.63,Bangalore,Male,20
1242,Customer_450,1987-09-14,2023-05-27,4929.91,Bangalore,Female,39
1423,Customer_451,1987-08-24,2023-10-09,398.69,Bangalore,Female,39
1641,Customer_452,2004-08-11,2024-03-13,2823.67,Hyderabad,Male,22
1964,Customer_453,2003-01-09,2024-11-18,1967.66,Bangalore,Male,23
1713,Customer_454,1992-11-03,2024-02-23,831.17,Chennai,Female,34
1772,Customer_455,1998-04-18,2024-04-29,1280.74,Mumbai,Male,28
1878,Customer_456,2005-11-26,2023-05-28,4048.3,Hyderabad,Female,21
1991,Customer_457,1992-11-06,2024-07-24,2696.96,Chennai,Female,34
1261,Customer_458,1983-04-15,2023-12-05,3268.86,Chennai,Male,43
1094,Customer_459,1998-03-11,2023-07-15,352.53,Chennai,Male,28
1894,Customer_460,1977-06-06,2023-07-12,4042.79,Bangalore,Female,49
1490,Customer_461,1983-07-15,2023-12-07,1585.62,Hyderabad,Female,43
1959,Customer_462,1982-09-09,2023-05-01,3759.71,Kolkata,Female,44
1936,Customer_463,1985-01-17,2024-09-10,3548.47,Chennai,Female,41
1565,Customer_464,1988-08-04,2023-10-17,1965.24,Bangalore,Male,38
1315,Customer_465,1985-11-24,2024-01-04,2612.8,Chennai,Female,41
1100,Customer_466,2006-07-28,2024-04-25,3831.98,Delhi,Female,20
1379,Customer_467,1988-03-14,2024-02-28,324.01,Kolkata,Female,38
1759,Customer_468,1980-09-16,2023-01-17,1377.79,Bangalore,Female,46
1302,Customer_469,1981-01-01,2023-07-20,1716.34,Chennai,Female,45
1511,Customer_470,1998-11-12,2024-11-01,4722.98,Delhi,Male,28
1781,Customer_471,1996-01-31,2024-10-19,3724.01,Chennai,Female,30
1750,Customer_472,1989-12-18,2023-06-23,785.8,Bangalore,Female,37
1188,Customer_473,1998-06-26,2024-10-19,4790.46,Bangalore,Male,28
1859,Customer_474,1977-07-01,2024-11-15,337.72,Hyderabad,Female,49
1140,Customer_475,2002-06-16,2023-08-25,433.04,Mumbai,Male,24
1223,Customer_476,1996-11-06,2024-04-11,1928.68,Bangalore,Female,30
1675,Customer_477,1996-01-19,2023-01-17,132.4,Bangalore,Female,30
1012,Customer_478,1974-12-01,2024-06-26,3638.74,Bangalore,Male,52
1017,Customer_479,1996-09-10,2024-11-21,2209.81,Mumbai,Male,30
1940,Customer_480,1978-06-27,2024-06-20,829.6,Mumbai,Male,48
1834,Customer_481,1990-01-24,2023-10-01,3995.19,Hyderabad,Male,36
1982,Customer_482,1992-05-18,2024-04-15,2868.51,Pune,Female,34
1307,Customer_483,2004-11-06,2023-03-24,3303.31,Kolkata,Male,22
1095,Customer_484,1992-05-06,2024-01-24,1948.13,Chennai,Male,34
1652,Customer_485,1974-08-03,2023-06-25,505.16,Kolkata,Female,52
1660,Customer_486,2009-05-08,2023-12-06,2872.7,Kolkata,Male,17
1916,Customer_487,1997-11-09,2023-02-13,1225.86,Kolkata,Female,29
1277,Customer_488,1976-04-02,2023-03-18,3453.7,Delhi,Male,50
1183,Customer_489,1988-04-09,2023-01-17,4811.2,Bangalore,Female,38
1770,Customer_490,2006-02-19,2024-02-12,4651.49,Delhi,Female,20
1577,Customer_491,1984-12-13,2024-08-03,4189.79,Chennai,Male,42
1393,Customer_492,2008-01-22,2023-05-24,3973.44,Pune,Male,18
1512,Customer_493,2007-08-09,2023-12-21,363.11,Chennai,Female,19
1858,Customer_494,1977-07-29,2023-12-15,3065.33,Bangalore,Female,49
1992,Customer_495,2008-11-11,2023-12-01,245.17,Delhi,Female,18
1502,Customer_496,1984-05-25,2023-12-31,2809.88,Chennai,Female,42
1190,Customer_497,2004-08-27,2024-08-22,3337.29,Hyderabad,Male,22
1817,Customer_498,1985-03-21,2023-03-17,501.99,Mumbai,Female,41
1728,Customer_499,2009-04-30,2024-10-11,855.96,Chennai,Male,17
1369,Customer_500,1978-12-11,2023-04-04,125.46,Delhi,Female,48
1368,Customer_501,2008-04-25,2023-10-04,600.93,Hyderabad,Female,18
1441,Customer_502,1994-04-19,2024-07-24,2818.23,Chennai,Male,32
1026,Customer_503,1978-03-09,2023-12-29,2815.68,Bangalore,Male,48
1884,Customer_504,1991-06-12,2023-01-13,1530.05,Chennai,Male,35
1742,Customer_505,1999-04-07,2023-09-06,2902.61,Mumbai,Female,27
1173,Customer_506,1980-05-23,2023-10-03,1575.54,Chennai,Female,46
1064,Customer_507,1981-08-31,2024-03-21,1452.21,Delhi,Female,45
1801,Customer_508,1977-08-13,2024-01-05,1333.33,Mumbai,Female,49
1608,Customer_509,2001-10-29,2023-07-20,2343.52,Mumbai,Male,25
1006,Customer_510,1991-12-01,2023-12-07,4223.91,Chennai,Male,35
1450,Customer_511,1989-03-07,2024-03-16,4095.83,Kolkata,Female,37
1307,Customer_512,1988-07-19,2024-09-09,4741.67,Mumbai,Female,38
1321,Customer_513,1982-02-18,2024-02-12,4846.75,Delhi,Female,44
1990,Customer_514,1999-12-31,2023-09-06,1696.84,Delhi,Female,27
1373,Customer_515,1979-04-10,2024-07-31,1079.02,Bangalore,Female,47
1698,Customer_516,2008-08-06,2024-07-17,231.89,Pune,Female,18
1965,Customer_517,2005-12-09,2023-08-03,2248.43,Delhi,Male,21
1838,Customer_518,1992-07-08,2024-11-20,2546.59,Pune,Male,34
1247,Customer_519,1985-07-01,2024-11-05,855.3,Chennai,Female,41
1075,Customer_520,1994-04-23,2024-09-04,2448.25,Chennai,Female,32
1556,Customer_521,1975-10-25,2024-01-04,3538.01,Kolkata,Male,51
1111,Customer_522,2008-08-28,2023-09-12,3322.25,Delhi,Female,18
1662,Customer_523,2001-08-25,2023-02-15,2859.78,Pune,Female,25
1990,Customer_524,2007-12-05,2023-12-06,4832.01,Chennai,Male,19
1010,Customer_525,1978-08-03,2023-09-22,1187.81,Pune,Female,48
1456,Customer_526,1990-12-12,2024-02-05,2369.01,Pune,Female,36
1353,Customer_527,1975-04-08,2024-05-09,612.29,Chennai,Male,51
1118,Customer_528,2006-12-01,2023-05-26,1806.81,Delhi,Female,20
1803,Customer_529,1983-06-12,2024-06-17,2466.34,Chennai,Male,43
1448,Customer_530,2006-07-21,2024-04-08,1662.66,Delhi,Male,20
1829,Customer_531,2006-01-18,2023-04-28,210.67,Delhi,Male,20
1693,Customer_532,1981-07-15,2023-09-07,2628.37,Bangalore,Female,45
1338,Customer_533,1999-04-12,2024-03-12,4796.47,Mumbai,Female,27
1644,Customer_534,1982-06-10,2023-07-10,3238.35,Chennai,Female,44
1029,Customer_535,2007-03-30,2024-09-20,4427.18,Chennai,Female,19
1398,Customer_536,1974-05-13,2023-08-08,1108.34,Kolkata,Male,52
1591,Customer_537,1978-09-24,2024-07-03,1016.1,Delhi,Female,48
1468,Customer_538,1979-04-12,2023-09-26,3386.44,Chennai,Male,47
1611,Customer_539,1991-08-07,2024-09-17,2023.47,Hyderabad,Male,35
1360,Customer_540,1994-09-14,2024-09-24,945.38,Pune,Male,32
1940,Customer_541,2001-09-23,2024-08-27,515.28,Mumbai,Male,25
1120,Customer_542,1984-11-12,2023-11-09,673.05,Delhi,Female,42
1523,Customer_543,1991-08-04,2024-03-04,3022.49,Bangalore,Female,35
1433,Customer_544,1982-07-01,2024-05-13,3213.96,Pune,Female,44
1568,Customer_545,1981-08-25,2024-05-16,1515.29,Mumbai,Male,45
1862,Customer_546,1994-05-25,2024-09-26,362.7,Delhi,Male,32
1496,Customer_547,1980-04-15,2023-07-19,4094.56,Bangalore,Female,46
1418,Customer_548,2004-11-17,2024-05-18,2136.59,Kolkata,Female,22
1500,Customer_549,1981-09-01,2023-03-26,2870.45,Kolkata,Female,45
1299,Customer_550,1975-08-19,2023-10-09,1201.73,Delhi,Female,51
1799,Customer_551,1994-09-05,2024-08-02,3738.34,Kolkata,Female,32
1562,Customer_552,1997-01-29,2023-04-26,2906.3,Delhi,Male,29
1555,Customer_553,2008-02-11,2023-02-12,3824.02,Chennai,Female,18
1435,Customer_554,1978-10-04,2024-10-31,3781.59,Delhi,Male,48
1460,Customer_555,1985-12-14,2023-12-23,4324.78,Hyderabad,Female,41
1886,Customer_556,1979-06-07,2023-08-31,1128.4,Pune,Male,47
1881,Customer_557,2006-01-17,2024-09-16,3200.58,Mumbai,Female,20
1803,Customer_558,1983-06-08,2023-07-31,4046.66,Bangalore,Male,43
1545,Customer_559,1986-10-10,2024-09-03,2739.97,Delhi,Male,40
1296,Customer_560,1999-11-09,2023-10-01,4766.75,Bangalore,Male,27
1138,Customer_561,2007-10-24,2024-02-26,4601.97,Delhi,Female,19
1718,Customer_562,1980-02-13,2023-09-13,816.59,Delhi,Female,46
1779,Customer_563,2004-07-01,2024-02-07,2498.35,Bangalore,Male,22
1642,Customer_564,1992-09-29,2024-01-20,2314.76,Pune,Male,34
1412,Customer_565,1997-04-17,2023-10-12,3504.05,Delhi,Female,29
1973,Customer_566,1996-01-22,2023-12-02,2951.58,Kolkata,Male,30
1748,Customer_567,1994-09-24,2024-10-12,3354.3,Delhi,Male,32
1814,Customer_568,1998-02-20,2024-02-12,1167.37,Chennai,Female,28
1506,Customer_569,1986-03-18,2023-11-27,4158.88,Delhi,Female,40
1579,Customer_570,1995-12-08,2023-12-18,4481.36,Kolkata,Male,31
1047,Customer_571,1978-08-19,2024-10-03,3941.06,Chennai,Male,48
1127,Customer_572,1981-04-02,2024-03-27,2336.94,Chennai,Female,45
1705,Customer_573,1980-01-31,2024-10-27,1579.14,Kolkata,Male,46
1095,Customer_574,2003-07-12,2024-01-05,1326.91,Delhi,Female,23
1053,Customer_575,1991-12-11,2024-10-02,1597.0,Pune,Female,35
1439,Customer_576,2003-07-27,2023-04-04,3548.12,Hyderabad,Female,23
1488,Customer_577,1977-08-29,2023-05-16,3009.03,Bangalore,Female,49
1009,Customer_578,1974-07-12,2023-12-18,4103.83,Kolkata,Female,52
1710,Customer_579,1980-02-04,2024-05-04,447.06,Chennai,Male,46
1748,Customer_580,1978-10-05,2023-04-16,1635.42,Delhi,Female,48
1391,Customer_581,2008-11-10,2023-05-17,3243.72,Pune,Female,18
1070,Customer_582,1997-12-17,2024-07-30,141.53,Pune,Female,29
1450,Customer_583,1989-12-01,2023-08-07,3177.59,Mumbai,Female,37
1630,Customer_584,2004-12-17,2024-03-29,4313.82,Hyderabad,Male,22
1143,Customer_585,2007-12-02,2023-05-07,2988.91,Chennai,Male,19
1986,Customer_586,1993-06-05,2023-11-19,3976.28,Mumbai,Male,33
1660,Customer_587,1977-12-11,2023-09-12,2811.64,Bangalore,Male,49
1797,Customer_588,2005-02-19,2023-01-28,4254.67,Pune,Male,21
1210,Customer_589,1997-05-22,2024-09-13,2596.66,Pune,Female,29
1302,Customer_590,2003-02-24,2023-02-25,3940.63,Kolkata,Female,23
1506,Customer_591,1991-06-23,2023-04-26,1281.3,Pune,Male,35
1540,Customer_592,1974-09-15,2024-01-05,4676.23,Mumbai,Female,52
1881,Customer_593,1999-08-30,2024-03-06,1890.52,Pune,Female,27
1781,Customer_594,1995-04-18,2023-03-16,181.78,Hyderabad,Male,31
1268,Customer_595,1983-11-04,2023-02-10,4620.64,Kolkata,Female,43
1518,Customer_596,1987-01-06,2024-10-05,3591.88,Kolkata,Female,39
1433,Customer_597,2005-08-24,2024-02-16,503.9,Bangalore,Female,21
1284,Customer_598,1977-11-30,2023-11-14,487.21,Mumbai,Female,49
1549,Customer_599,1988-10-27,2024-02-05,2973.54,Kolkata,Male,38
1317,Customer_600,2005-07-04,2024-03-23,3676.8,Kolkata,Female,21
1059,Customer_601,1985-02-17,2023-03-30,4630.68,Hyderabad,Female,41
1626,Customer_602,2001-06-23,2023-02-26,1615.52,Pune,Female,25
1122,Customer_603,1974-09-25,2023-05-21,3537.35,Mumbai,Female,52
1975,Customer_604,1989-09-19,2024-06-19,2634.39,Kolkata,Male,37
1170,Customer_605,1990-11-05,2023-05-10,3773.9,Kolkata,Male,36
1750,Customer_606,1979-06-18,2023-01-31,1741.55,Chennai,Male,47
1536,Customer_607,1977-01-11,2023-09-27,3590.38,Bangalore,Male,49
1508,Customer_608,1994-08-01,2024-06-07,1864.61,Chennai,Female,32
1376,Customer_609,1981-03-22,2023-09-19,3889.31,Bangalore,Male,45
1233,Customer_610,2007-05-24,2024-06-05,112.59,Kolkata,Male,19
1250,Customer_611,1976-03-24,2024-04-28,1883.48,Mumbai,Female,50
1953,Customer_612,1975-10-02,2024-07-20,4035.27,Pune,Female,51
1229,Customer_613,1988-08-07,2023-09-12,2139.66,Pune,Male,38
1277,Customer_614,1977-08-29,2024-08-08,1926.76,Bangalore,Male,49
1183,Customer_615,1984-03-05,2024-06-12,4908.93,Chennai,Male,42
1898,Customer_616,1995-01-11,2023-10-17,3890.28,Delhi,Male,31
1088,Customer_617,1998-12-22,2024-04-12,139.05,Mumbai,Male,28
1577,Customer_618,2009-05-10,2023-11-08,3723.92,Mumbai,Female,17
1377,Customer_619,2000-09-15,2024-05-20,4989.16,Kolkata,Female,26
1750,Customer_620,1998-09-06,2023-09-09,837.78,Chennai,Male,28
1238,Customer_621,1998-06-16,2023-12-21,3216.12,Pune,Male,28
1973,Customer_622,1989-03-11,2023-01-02,3818.75,Chennai,Male,37
1106,Customer_623,1983-05-15,2024-06-26,4917.27,Chennai,Female,43
1984,Customer_624,1976-11-07,2023-05-26,3587.1,Hyderabad,Male,50
1943,Customer_625,1984-07-19,2024-06-16,2123.98,Delhi,Female,42
1997,Customer_626,2007-09-18,2023-03-28,2945.78,Bangalore,Female,19
1652,Customer_627,1991-11-09,2023-03-18,3000.29,Hyderabad,Female,35
1678,Customer_628,1980-01-11,2023-08-31,1529.21,Kolkata,Male,46
1948,Customer_629,1991-10-17,2023-12-01,1658.48,Delhi,Female,35
1076,Customer_630,1983-04-05,2023-05-20,3921.69,Bangalore,Male,43
1159,Customer_631,1978-11-27,2023-06-18,2302.88,Delhi,Female,48
1123,Customer_632,1998-03-16,2024-01-02,4826.71,Mumbai,Female,28
1315,Customer_633,1994-12-13,2023-09-29,4277.16,Hyderabad,Female,32
1826,Customer_634,2004-12-09,2023-11-08,4149.29,Pune,Male,22
1220,Customer_635,1988-11-13,2023-06-01,546.94,Mumbai,Male,38
1405,Customer_636,1997-03-13,2023-02-20,3418.2,Delhi,Female,29
1031,Customer_637,1992-04-21,2024-04-08,2824.17,Bangalore,Female,34
1096,Customer_638,1994-11-22,2023-04-15,4039.09,Mumbai,Male,32
1012,Customer_639,1976-12-06,2023-08-16,740.5,Kolkata,Female,50
1381,Customer_640,2004-12-13,2024-10-07,4694.12,Hyderabad,Male,22
1939,Customer_641,1977-07-12,2023-01-23,4986.09,Mumbai,Female,49
1828,Customer_642,1979-12-11,2023-04-05,4534.88,Kolkata,Male,47
1125,Customer_643,1976-01-30,2024-04-17,348.12,Bangalore,Female,50
1841,Customer_644,2006-08-30,2024-02-09,2531.02,Chennai,Female,20
1176,Customer_645,1990-01-16,2023-08-08,4550.69,Delhi,Male,36
1456,Customer_646,1980-10-31,2023-02-05,3109.12,Bangalore,Female,46
1662,Customer_647,1987-05-28,2024-05-25,2118.76,Bangalore,Female,39
1062,Customer_648,1978-02-06,2023-10-14,1976.77,Chennai,Female,48
1658,Customer_649,1997-10-01,2023-09-13,3190.7,Kolkata,Male,29
1391,Customer_650,2009-03-28,2024-01-03,2450.45,Kolkata,Female,17
1352,Customer_651,1999-07-16,2024-05-29,1675.86,Delhi,Female,27
1026,Customer_652,1988-06-20,2024-09-03,1173.2,Kolkata,Male,38
1059,Customer_653,1995-04-29,2024-06-26,1851.42,Bangalore,Female,31
1997,Customer_654,1981-04-29,2023-04-13,1314.5,Mumbai,Male,45
1546,Customer_655,2009-08-28,2023-02-27,3843.84,Mumbai,Female,17
1363,Customer_656,1981-12-16,2023-06-30,1259.1,Delhi,Male,45
1935,Customer_657,2000-09-13,2023-01-29,3546.92,Delhi,Female,26
1576,Customer_658,1982-08-11,2024-05-19,2756.41,Mumbai,Female,44
1038,Customer_659,1978-03-19,2023-02-27,1239.85,Mumbai,Male,48
1539,Customer_660,1995-08-10,2023-01-01,1725.5,Bangalore,Female,31
1825,Customer_661,1980-01-07,2023-12-15,3612.99,Kolkata,Male,46
1060,Customer_662,1975-02-24,2023-06-01,2974.38,Mumbai,Male,51
1866,Customer_663,1997-10-09,2024-01-09,4806.74,Delhi,Female,29
1600,Customer_664,1978-09-12,2023-12-11,1578.65,Mumbai,Female,48
1749,Customer_665,1993-10-05,2024-10-16,4807.24,Pune,Male,33
1178,Customer_666,2005-11-20,2024-07-29,3498.45,Bangalore,Male,21
1228,Customer_667,2004-01-08,2024-08-26,4090.83,Chennai,Male,22
1751,Customer_668,2005-01-18,2023-10-29,724.01,Pune,Male,21
1971,Customer_669,2005-08-27,2024-08-09,2018.85,Kolkata,Male,21
1186,Customer_670,2001-03-09,2023-11-22,4613.09,Bangalore,Female,25
1654,Customer_671,1999-07-14,2023-04-17,4689.77,Mumbai,Male,27
1763,Customer_672,1977-08-27,2023-09-01,1799.37,Delhi,Female,49
1651,Customer_673,1978-02-22,2024-11-17,3231.6,Delhi,Female,48
1011,Customer_674,1986-01-23,2023-08-03,1322.75,Hyderabad,Male,40
1262,Customer_675,2009-06-20,2023-04-21,3630.03,Hyderabad,Female,17
1448,Customer_676,2007-01-10,2024-03-05,4848.6,Chennai,Female,19
1902,Customer_677,1991-02-25,2023-12-26,2775.52,Hyderabad,Female,35
1807,Customer_678,2000-02-04,2024-10-28,3815.39,Mumbai,Female,26
1462,Customer_679,1977-06-21,2023-02-04,1545.05,Delhi,Male,49
1974,Customer_680,1978-11-11,2023-03-17,1774.86,Chennai,Female,48
1749,Customer_681,1977-07-12,2024-07-14,4714.99,Hyderabad,Male,49
1608,Customer_682,2001-09-09,2024-05-09,3552.07,Chennai,Female,25
1621,Customer_683,1993-08-22,2023-06-10,362.42,Delhi,Female,33
1997,Customer_684,1982-09-08,2024-02-24,3516.26,Pune,Male,44
1676,Customer_685,1986-10-17,2023-11-01,1263.99,Hyderabad,Female,40
1585,Customer_686,1998-10-27,2024-05-17,852.59,Delhi,Male,28
1437,Customer_687,1978-02-04,2023-10-29,4137.1,Pune,Female,48
1204,Customer_688,1978-07-08,2023-01-27,1114.07,Pune,Male,48
2000,Customer_689,1977-11-03,2024-04-29,4234.47,Delhi,Female,49
1482,Customer_690,1996-02-08,2024-11-07,1398.52,Pune,Female,30
1189,Customer_691,1990-10-22,2024-01-26,1910.07,Chennai,Male,36
1269,Customer_692,1993-11-21,2024-04-21,1390.66,Kolkata,Male,33
1577,Customer_693,1976-12-05,2023-06-04,3785.95,Pune,Male,50
1087,Customer_694,2004-02-19,2023-12-19,4060.08,Chennai,Female,22
1566,Customer_695,1976-11-25,2024-02-01,4110.19,Chennai,Female,50
1586,Customer_696,1984-09-25,2024-05-02,1564.38,Chennai,Male,42
1514,Customer_697,1999-10-15,2024-06-13,4022.21,Pune,Female,27
1123,Customer_698,2008-02-17,2024-04-04,947.11,Mumbai,Female,18
1827,Customer_699,1982-10-23,2023-05-10,309.11,Hyderabad,Female,44
1206,Customer_700,2002-04-20,2023-06-01,4187.13,Delhi,Male,24
1932,Customer_701,2006-10-12,2023-03-10,526.43,Bangalore,Female,20
1565,Customer_702,1988-10-17,2023-10-10,2646.47,Kolkata,Male,38
1805,Customer_703,2005-08-01,2024-09-30,2979.12,Kolkata,Female,21
1115,Customer_704,1992-10-03,2023-06-03,826.18,Bangalore,Male,34
1947,Customer_705,1978-11-26,2024-07-30,3919.77,Kolkata,Male,48
1888,Customer_706,1998-03-11,2023-12-19,4401.68,Delhi,Female,28
1670,Customer_707,1995-12-12,2024-08-08,3083.91,Hyderabad,Female,31
1282,Customer_708,1992-03-29,2023-05-28,3129.4,Pune,Female,34
1039,Customer_709,1991-12-02,2023-12-06,3483.52,Hyderabad,Female,35
1942,Customer_710,1986-03-19,2024-01-17,199.14,Kolkata,Male,40
1318,Customer_711,1986-09-28,2024-05-18,4305.35,Pune,Male,40
1995,Customer_712,1984-05-22,2023-05-18,1572.35,Pune,Female,42
1792,Customer_713,1988-07-23,2023-10-03,3671.12,Bangalore,Male,38
1192,Customer_714,1993-12-24,2023-08-05,4575.82,Chennai,Female,33
1777,Customer_715,1997-05-02,2024-01-18,4122.99,Bangalore,Female,29
1067,Customer_716,1988-02-14,2024-06-02,2076.59,Kolkata,Male,38
1177,Customer_717,1982-10-24,2023-07-25,4201.19,Mumbai,Male,44
1467,Customer_718,1976-06-07,2024-01-05,3552.71,Delhi,Male,50
1843,Customer_719,1994-12-27,2024-06-01,2045.02,Hyderabad,Male,32
1247,Customer_720,1990-11-15,2024-05-15,3010.81,Mumbai,Female,36
1600,Customer_721,1998-11-24,2023-12-25,1786.82,Kolkata,Male,28
1766,Customer_722,2005-01-24,2023-04-03,1496.84,Chennai,Male,21
1166,Customer_723,1999-11-01,2023-08-08,4299.84,Pune,Female,27
1693,Customer_724,1983-06-10,2023-10-03,3292.78,Bangalore,Male,43
1885,Customer_725,2009-03-02,2024-11-29,143.6,Mumbai,Female,17
1615,Customer_726,1974-07-18,2023-08-18,1336.71,Kolkata,Male,52
1729,Customer_727,2005-12-26,2024-10-20,1449.35,Chennai,Male,21
1470,Customer_728,1985-06-20,2023-08-12,2386.82,Pune,Female,41
1598,Customer_729,1978-10-03,2023-01-08,2606.42,Pune,Male,48
1574,Customer_730,2003-03-16,2024-08-31,3084.35,Delhi,Male,23
1493,Customer_731,1977-01-10,2023-12-11,4942.97,Pune,Male,49
1882,Customer_732,1986-08-02,2023-09-25,3314.99,Pune,Male,40
1192,Customer_733,1980-11-21,2024-06-13,3850.82,Hyderabad,Female,46
1676,Customer_734,1988-07-02,2024-11-28,785.65,Hyderabad,Female,38
1302,Customer_735,1985-10-20,2024-03-04,2082.53,Pune,Male,41
1597,Customer_736,2005-12-05,2024-08-08,4098.47,Delhi,Female,21
1702,Customer_737,1998-02-23,2024-10-15,3946.0,Pune,Male,28
1519,Customer_738,1987-08-19,2023-06-24,4219.13,Bangalore,Female,39
1300,Customer_739,1978-07-18,2024-04-27,726.93,Delhi,Female,48
1969,Customer_740,2004-08-27,2023-12-10,3306.73,Mumbai,Male,22
1228,Customer_741,2007-07-20,2023-11-11,2160.32,Delhi,Male,19
1266,Customer_742,2000-06-06,2023-10-29,2372.43,Hyderabad,Female,26
1054,Customer_743,2002-08-15,2024-08-20,2943.53,Bangalore,Male,24
1483,Customer_744,1982-11-22,2024-05-27,687.1,Pune,Female,44
1542,Customer_745,1987-07-20,2024-02-28,364.9,Kolkata,Female,39
1140,Customer_746,1983-02-24,2023-12-17,2105.04,Bangalore,Female,43
1146,Customer_747,1988-05-10,2023-07-04,3916.81,Chennai,Male,38
1646,Customer_748,1982-02-05,2023-11-17,3209.04,Hyderabad,Female,44
1280,Customer_749,1983-07-23,2023-06-22,2923.77,Mumbai,Female,43
1804,Customer_750,2008-06-01,2023-04-01,734.09,Chennai,Female,18
1413,Customer_751,1993-05-30,2024-05-03,1978.25,Hyderabad,Female,33
1748,Customer_752,1990-11-25,2023-01-15,4470.83,Kolkata,Female,36
1018,Customer_753,2004-07-09,2023-01-05,3170.77,Mumbai,Female,22
1710,Customer_754,1989-08-11,2023-11-16,731.76,Chennai,Male,37
1171,Customer_755,1977-02-03,2023-02-16,1561.19,Delhi,Female,49
1745,Customer_756,1997-07-03,2024-09-02,2668.18,Chennai,Female,29
1350,Customer_757,1996-02-26,2024-01-03,3775.57,Mumbai,Female,30
1019,Customer_758,1984-05-30,2023-08-18,3663.13,Mumbai,Female,42
1751,Customer_759,1975-02-24,2024-08-26,2572.7,Hyderabad,Male,51
1728,Customer_760,2003-05-07,2023-02-08,1938.44,Pune,Male,23
1789,Customer_761,1998-02-25,2024-09-30,338.08,Hyderabad,Male,28
1669,Customer_762,1975-01-19,2023-02-19,3479.77,Chennai,Female,51
1389,Customer_763,1979-09-16,2024-07-14,1338.42,Pune,Female,47
1210,Customer_764,2005-05-08,2024-10-07,145.59,Chennai,Male,21
1678,Customer_765,1997-07-03,2023-10-04,3151.71,Pune,Female,29
1428,Customer_766,1978-11-14,2024-06-07,3621.95,Hyderabad,Male,48
1116,Customer_767,2009-05-14,2023-04-19,2538.92,Bangalore,Female,17
1796,Customer_768,1985-12-17,2024-06-19,4868.29,Delhi,Female,41
1302,Customer_769,1981-05-11,2023-02-10,2785.88,Mumbai,Female,45
1338,Customer_770,1984-09-07,2023-01-03,162.47,Hyderabad,Male,42
1855,Customer_771,1999-12-02,2024-11-16,2521.11,Hyderabad,Male,27
1740,Customer_772,2006-08-16,2023-04-14,4533.42,Pune,Female,20
1467,Customer_773,1987-06-12,2023-09-28,2374.96,Hyderabad,Female,39
1895,Customer_774,1975-12-08,2023-10-25,1865.05,Pune,Male,51
1436,Customer_775,2007-04-18,2023-04-29,565.49,Kolkata,Male,19
1009,Customer_776,1980-05-16,2024-11-10,3271.27,Delhi,Male,46
1915,Customer_777,1993-10-19,2024-09-28,1414.72,Pune,Male,33
1381,Customer_778,1989-07-16,2023-07-07,657.78,Chennai,Female,37
1278,Customer_779,1991-06-20,2024-05-04,4019.51,Pune,Female,35
1115,Customer_780,1980-02-10,2023-03-02,4909.69,Kolkata,Female,46
1106,Customer_781,1992-10-29,2024-08-27,2465.11,Bangalore,Female,34
1185,Customer_782,2001-08-02,2024-01-24,3917.91,Bangalore,Male,25
1883,Customer_783,2004-11-13,2023-05-14,2467.09,Chennai,Male,22
1908,Customer_784,1992-08-12,2024-03-27,325.26,Delhi,Male,34
1012,Customer_785,2005-10-08,2024-11-25,2671.61,Pune,Female,21
1978,Customer_786,2004-03-18,2023-12-13,2643.59,Pune,Male,22
1443,Customer_787,2003-11-06,2023-09-12,2461.46,Pune,Female,23
1152,Customer_788,1999-03-18,2024-09-19,367.37,Pune,Female,27
1517,Customer_789,1995-03-20,2024-05-22,4360.14,Hyderabad,Female,31
1328,Customer_790,1984-12-20,2023-12-05,4853.71,Hyderabad,Female,42
1563,Customer_791,2003-01-09,2024-01-23,2076.06,Mumbai,Male,23
1470,Customer_792,1994-02-02,2024-08-09,2295.68,Kolkata,Female,32
1457,Customer_793,1988-05-05,2023-05-02,4905.29,Pune,Male,38
1105,Customer_794,1992-04-05,2024-02-27,275.58,Bangalore,Male,34
1845,Customer_795,1978-03-30,2024-09-10,4819.54,Pune,Male,48
1911,Customer_796,1996-12-19,2024-07-29,1113.57,Pune,Female,30
1973,Customer_797,1989-06-15,2024-01-08,4144.02,Kolkata,Female,37
1864,Customer_798,1994-07-20,2023-12-06,2844.74,Bangalore,Female,32
1733,Customer_799,2003-08-24,2024-01-08,3607.98,Hyderabad,Male,23
1777,Customer_800,2003-09-21,2023-08-16,110.77,Delhi,Male,23
1560,Customer_801,1997-07-31,2024-01-18,3540.27,Hyderabad,Female,29
1504,Customer_802,1980-06-19,2024-02-24,624.11,Bangalore,Female,46
1192,Customer_803,1979-08-01,2024-02-07,1156.39,Kolkata,Female,47
1733,Customer_804,1989-04-28,2023-04-21,3810.03,Hyderabad,Male,37
1790,Customer_805,1994-05-17,2024-04-13,3326.44,Bangalore,Female,32
1986,Customer_806,1996-07-16,2023-01-05,2698.79,Hyderabad,Female,30
1858,Customer_807,2000-05-30,2024-05-09,4629.42,Kolkata,Female,26
1708,Customer_808,2000-02-13,2023-06-27,3679.42,Mumbai,Male,26
1396,Customer_809,2003-08-29,2024-09-06,3070.19,Delhi,Female,23
1428,Customer_810,2001-06-25,2023-09-12,1440.62,Delhi,Male,25
1463,Customer_811,1980-02-24,2023-05-22,2122.45,Pune,Male,46
1863,Customer_812,2005-08-19,2024-07-14,4317.47,Pune,Female,21
1205,Customer_813,1983-07-28,2024-10-01,3600.48,Pune,Male,43
1943,Customer_814,2004-04-29,2023-05-16,4908.54,Pune,Female,22
1515,Customer_815,1998-07-02,2024-10-14,1679.67,Hyderabad,Male,28
1575,Customer_816,1995-09-18,2024-08-19,2896.13,Pune,Female,31
1690,Customer_817,2007-09-18,2024-06-30,1501.05,Kolkata,Female,19
1827,Customer_818,1974-09-27,2024-06-19,621.71,Chennai,Female,52
1054,Customer_819,2004-03-25,2023-02-27,1079.52,Kolkata,Female,22
1293,Customer_820,2004-10-26,2023-09-14,817.5,Hyderabad,Male,22
1208,Customer_821,2007-12-20,2024-07-08,258.3,Kolkata,Female,19
1104,Customer_822,2001-10-20,2024-11-22,3723.51,Kolkata,Female,25
1760,Customer_823,2003-03-12,2024-07-28,2005.54,Bangalore,Male,23
1709,Customer_824,2003-12-22,2023-02-18,4639.78,Chennai,Female,23
1979,Customer_825,2009-07-08,2023-11-17,4832.58,Hyderabad,Male,17
1761,Customer_826,1985-06-09,2023-07-27,3140.75,Kolkata,Female,41
1849,Customer_827,1984-04-13,2024-10-10,3552.68,Pune,Male,42
1773,Customer_828,2000-07-23,2024-07-13,3718.41,Mumbai,Female,26
1301,Customer_829,1994-04-19,2023-07-01,4918.92,Hyderabad,Female,32
1985,Customer_830,1981-12-17,2024-06-10,684.83,Hyderabad,Female,45
1285,Customer_831,1999-02-18,2023-09-28,737.33,Bangalore,Male,27
1005,Customer_832,1988-12-28,2024-04-22,3577.48,Mumbai,Male,38
1157,Customer_833,1988-08-20,2024-09-03,349.19,Pune,Male,38
1502,Customer_834,2009-08-06,2024-08-09,2795.78,Hyderabad,Male,17
1538,Customer_835,1984-01-12,2023-07-08,2650.97,Kolkata,Female,42
1425,Customer_836,1998-07-11,2024-07-03,2076.74,Delhi,Female,28
1904,Customer_837,1983-09-26,2024-11-10,1726.23,Delhi,Male,43
1223,Customer_838,2007-12-05,2024-09-25,2699.44,Bangalore,Male,19
1117,Customer_839,2004-03-03,2023-12-21,2283.77,Pune,Female,22
1981,Customer_840,1975-12-15,2024-11-29,4439.73,Chennai,Male,51
1395,Customer_841,1985-09-03,2024-07-07,3647.48,Hyderabad,Male,41
1526,Customer_842,1996-12-26,2024-04-01,2485.34,Delhi,Female,30
1328,Customer_843,1997-03-20,2023-03-26,4746.24,Mumbai,Male,29
1641,Customer_844,1977-02-06,2023-08-04,3384.64,Kolkata,Female,49
1885,Customer_845,2004-11-28,2024-03-10,4194.76,Mumbai,Female,22
1662,Customer_846,1977-05-26,2023-06-07,216.39,Pune,Male,49
1038,Customer_847,1978-02-02,2023-03-17,365.91,Kolkata,Male,48
1571,Customer_848,1977-04-29,2024-08-11,4125.93,Delhi,Female,49
1397,Customer_849,1994-05-27,2024-10-07,2081.8,Delhi,Male,32
1398,Customer_850,2004-05-14,2023-05-02,2720.69,Pune,Male,22
1774,Customer_851,2007-08-17,2024-08-22,323.03,Kolkata,Male,19
1366,Customer_852,1996-09-20,2023-04-19,1520.2,Pune,Male,30
1621,Customer_853,1978-01-17,2023-10-16,3849.84,Chennai,Female,48
1404,Customer_854,2003-10-21,2023-02-01,2422.54,Bangalore,Female,23
1139,Customer_855,2007-08-30,2024-02-05,4004.18,Kolkata,Male,19
1983,Customer_856,2002-08-10,2023-05-28,1560.48,Kolkata,Male,24
1980,Customer_857,1974-08-31,2024-07-20,4386.36,Mumbai,Male,52
1042,Customer_858,1974-05-23,2024-08-09,3023.61,Bangalore,Male,52
1312,Customer_859,1983-08-03,2023-12-19,1137.51,Pune,Female,43
1164,Customer_860,1982-06-02,2023-08-15,3122.74,Delhi,Female,44
1117,Customer_861,1982-04-20,2024-11-18,4018.33,Kolkata,Male,44
1871,Customer_862,2007-11-09,2024-07-16,2360.2,Bangalore,Male,19
1297,Customer_863,2004-04-17,2023-03-10,1328.37,Mumbai,Female,22
1974,Customer_864,1989-01-02,2024-01-01,728.25,Pune,Female,37
1102,Customer_865,1986-12-15,2024-09-26,442.06,Mumbai,Male,40
1497,Customer_866,1994-05-19,2023-12-03,3120.08,Delhi,Female,32
1579,Customer_867,1999-08-05,2024-01-09,4057.73,Chennai,Female,27
1004,Customer_868,1988-03-19,2023-09-10,3949.73,Pune,Female,38
1283,Customer_869,1990-04-16,2023-05-18,3429.94,Delhi,Female,36
1473,Customer_870,1994-02-21,2024-01-03,3896.36,Chennai,Male,32
1179,Customer_871,2003-02-14,2024-09-13,501.67,Delhi,Female,23
1912,Customer_872,1998-04-29,2023-07-21,1389.85,Pune,Male,28
1744,Customer_873,1977-07-19,2023-01-20,4262.98,Pune,Male,49
1832,Customer_874,2000-04-07,2024-08-15,2085.16,Bangalore,Female,26
1928,Customer_875,1975-10-23,2024-07-18,1377.02,Bangalore,Female,51
1669,Customer_876,2008-12-08,2023-06-02,1892.51,Mumbai,Male,18
1137,Customer_877,1995-01-04,2024-05-28,2601.02,Chennai,Male,31
1514,Customer_878,1974-08-22,2024-11-09,1270.52,Kolkata,Female,52
1775,Customer_879,1997-03-24,2023-05-24,2286.48,Mumbai,Female,29
1753,Customer_880,2007-01-01,2024-05-10,4701.96,Hyderabad,Female,19
1779,Customer_881,1996-01-15,2023-08-26,408.02,Delhi,Female,30
1043,Customer_882,2004-02-27,2023-07-31,2637.64,Kolkata,Male,22
1397,Customer_883,1995-03-27,2024-04-10,4419.6,Hyderabad,Male,31
1105,Customer_884,2005-09-25,2024-06-17,3204.48,Delhi,Male,21
1592,Customer_885,1998-08-01,2024-08-06,951.86,Pune,Female,28
1374,Customer_886,2000-07-11,2024-10-31,4501.31,Hyderabad,Male,26
1385,Customer_887,1984-02-29,2024-06-12,2088.63,Kolkata,Male,42
1498,Customer_888,2009-09-20,2024-05-08,4447.14,Hyderabad,Female,17
1450,Customer_889,1981-08-05,2023-08-24,477.73,Pune,Male,45
1216,Customer_890,1980-11-26,2023-07-11,871.05,Bangalore,Male,46
1676,Customer_891,1984-06-30,2024-02-29,4074.75,Pune,Male,42
1493,Customer_892,2004-06-14,2024-05-05,2447.2,Bangalore,Female,22
1662,Customer_893,1992-08-06,2023-01-23,1293.98,Mumbai,Female,34
1137,Customer_894,2002-05-28,2024-06-08,292.04,Bangalore,Female,24
1057,Customer_895,1981-08-17,2023-09-22,4619.99,Bangalore,Female,45
1613,Customer_896,1999-06-13,2024-10-14,191.24,Pune,Male,27
1969,Customer_897,1978-01-04,2023-08-10,2301.1,Chennai,Female,48
1174,Customer_898,1984-01-03,2024-02-25,3044.11,Kolkata,Female,42
1638,Customer_899,2003-10-03,2024-06-07,1396.15,Pune,Male,23
1944,Customer_900,1994-07-04,2024-09-02,2993.92,Mumbai,Female,32
1394,Customer_901,1980-02-05,2023-04-22,181.16,Bangalore,Female,46
1846,Customer_902,1980-11-15,2024-09-12,571.86,Chennai,Male,46
1898,Customer_903,2009-04-29,2024-06-28,2566.31,Hyderabad,Male,17
1493,Customer_904,2003-09-29,2023-05-14,4519.73,Bangalore,Male,23
1918,Customer_905,2008-12-03,2024-11-25,3281.24,Bangalore,Female,18
1379,Customer_906,1976-02-11,2024-06-26,2201.89,Kolkata,Female,50
1808,Customer_907,2008-08-23,2024-01-26,1817.54,Kolkata,Male,18
1435,Customer_908,1980-03-03,2023-09-18,2437.99,Mumbai,Male,46
1290,Customer_909,2001-01-01,2024-07-10,2102.37,Mumbai,Male,25
1726,Customer_910,2007-07-10,2023-01-08,2932.14,Hyderabad,Male,19
1384,Customer_911,2003-07-12,2023-07-30,3470.06,Delhi,Female,23
1370,Customer_912,1978-12-12,2023-06-08,2187.75,Bangalore,Male,48
1267,Customer_913,1998-03-19,2024-03-09,2866.88,Bangalore,Male,28
1696,Customer_914,1991-12-29,2023-07-28,2124.82,Kolkata,Female,35
1183,Customer_915,1990-10-09,2024-07-26,2819.07,Delhi,Male,36
1591,Customer_916,1989-08-11,2024-02-12,3705.33,Kolkata,Male,37
1765,Customer_917,1984-06-21,2024-04-02,3937.24,Mumbai,Male,42
1219,Customer_918,1996-12-19,2024-02-15,3951.8,Kolkata,Male,30
1164,Customer_919,1991-08-15,2024-10-13,125.92,Hyderabad,Female,35
1482,Customer_920,2001-02-02,2024-03-21,531.89,Delhi,Female,25
1379,Customer_921,1977-10-03,2024-09-15,285.0,Chennai,Female,49
1628,Customer_922,2003-08-07,2024-06-17,1503.7,Bangalore,Male,23
1968,Customer_923,2008-11-12,2023-06-29,3237.43,Chennai,Male,18
1206,Customer_924,2003-08-19,2024-06-14,1501.43,Hyderabad,Female,23
1629,Customer_925,1981-10-07,2024-11-21,276.7,Mumbai,Male,45
1999,Customer_926,1981-03-24,2023-03-30,4984.4,Kolkata,Female,45
1361,Customer_927,2004-03-15,2024-02-09,2086.71,Mumbai,Male,22
1754,Customer_928,2005-09-23,2023-03-12,4603.97,Bangalore,Male,21
1743,Customer_929,1999-03-31,2024-08-19,1805.67,Kolkata,Male,27
1231,Customer_930,2001-05-13,2023-07-19,2328.32,Chennai,Male,25
1267,Customer_931,1982-01-06,2024-02-21,2580.57,Bangalore,Male,44
1515,Customer_932,1987-05-14,2023-12-15,4740.38,Kolkata,Male,39
1897,Customer_933,1998-04-18,2024-08-11,1325.69,Chennai,Female,28
1576,Customer_934,1995-11-10,2023-09-07,3811.62,Kolkata,Female,31
1697,Customer_935,1994-10-31,2024-08-23,4323.91,Chennai,Male,32
1264,Customer_936,1977-03-12,2024-01-27,3204.94,Mumbai,Female,49
1819,Customer_937,1988-04-29,2024-02-27,4781.68,Bangalore,Male,38
1717,Customer_938,1985-12-23,2023-09-12,1507.72,Chennai,Male,41
1077,Customer_939,1999-01-15,2023-07-02,2435.12,Delhi,Female,27
1915,Customer_940,1999-11-25,2023-10-03,995.64,Pune,Female,27
1510,Customer_941,2007-03-25,2023-07-24,1250.82,Mumbai,Male,19
1211,Customer_942,1984-06-12,2023-07-27,4191.21,Kolkata,Male,42
1159,Customer_943,2009-02-08,2023-04-20,687.4,Hyderabad,Female,17
1628,Customer_944,1974-06-18,2024-07-08,4794.17,Kolkata,Female,52
1380,Customer_945,2002-01-03,2023-11-19,2512.47,Bangalore,Male,24
1502,Customer_946,1982-05-15,2024-06-07,1473.31,Mumbai,Female,44
1055,Customer_947,1997-09-30,2024-03-09,2443.77,Bangalore,Male,29
1514,Customer_948,1989-09-28,2024-02-08,4315.96,Kolkata,Female,37
1468,Customer_949,1979-07-26,2024-06-14,2354.35,Pune,Male,47
1012,Customer_950,2004-05-27,2023-08-04,1959.2,Hyderabad,Male,22
1370,Customer_951,2001-08-26,2023-09-23,1017.05,Delhi,Female,25
1275,Customer_952,1995-04-23,2024-09-19,1781.17,Mumbai,Female,31
1434,Customer_953,1983-08-11,2024-03-05,3533.49,Delhi,Male,43
1874,Customer_954,1992-02-19,2023-10-14,2308.57,Bangalore,Female,34
1589,Customer_955,2004-12-08,2023-08-23,4089.53,Pune,Male,22
1823,Customer_956,1984-09-28,2024-07-22,2217.87,Chennai,Female,42
1149,Customer_957,2007-04-18,2023-06-03,2417.64,Hyderabad,Female,19
1431,Customer_958,1996-07-29,2023-05-18,4978.25,Kolkata,Male,30
1804,Customer_959,1995-12-29,2023-11-04,1329.77,Kolkata,Male,31
1407,Customer_960,1978-08-09,2023-06-17,394.18,Kolkata,Male,48
1487,Customer_961,2002-06-02,2023-04-09,2304.29,Delhi,Male,24
1369,Customer_962,1990-04-30,2024-07-27,2831.71,Kolkata,Male,36
1352,Customer_963,1975-01-20,2024-02-26,694.06,Kolkata,Female,51
1590,Customer_964,1999-12-31,2024-10-27,3280.74,Mumbai,Male,27
1363,Customer_965,1988-09-30,2024-11-20,2601.18,Kolkata,Female,38
1910,Customer_966,1977-09-06,2024-01-26,3106.95,Chennai,Female,49
1889,Customer_967,1981-09-06,2024-10-17,4057.81,Delhi,Female,45
1646,Customer_968,2001-08-19,2024-08-08,2083.39,Hyderabad,Male,25
1165,Customer_969,1989-07-30,2023-08-22,1636.06,Pune,Male,37
1727,Customer_970,1986-03-01,2024-09-11,3258.76,Delhi,Female,40
1799,Customer_971,1990-06-16,2024-08-24,2652.58,Chennai,Female,36
1171,Customer_972,1982-05-31,2023-01-24,712.7,Mumbai,Male,44
1963,Customer_973,2007-07-14,2023-03-23,1131.8,Chennai,Male,19
1097,Customer_974,1977-01-10,2024-04-29,2787.33,Hyderabad,Female,49
1536,Customer_975,2008-06-24,2023-03-27,609.25,Bangalore,Female,18
1086,Customer_976,2003-07-16,2024-02-04,1615.92,Mumbai,Male,23
1453,Customer_977,2002-04-08,2023-05-10,743.26,Kolkata,Female,24
1029,Customer_978,1975-09-28,2024-11-10,1848.52,Delhi,Female,51
1478,Customer_979,1998-05-31,2023-10-06,2787.87,Mumbai,Female,28
1605,Customer_980,2000-12-20,2024-04-12,3192.13,Pune,Female,26
1536,Customer_981,2002-11-12,2024-10-16,2715.54,Delhi,Female,24
1552,Customer_982,1984-05-09,2023-04-02,2265.12,Delhi,Female,42
1266,Customer_983,1981-02-24,2023-11-07,151.72,Bangalore,Female,45
1352,Customer_984,1987-01-11,2024-04-25,2721.98,Pune,Female,39
1969,Customer_985,2008-01-20,2024-05-03,1568.09,Kolkata,Female,18
1817,Customer_986,1987-04-22,2024-09-03,1232.96,Hyderabad,Male,39
1193,Customer_987,1992-08-19,2024-07-28,2241.82,Mumbai,Female,34
1732,Customer_988,2007-03-25,2024-10-23,2009.64,Chennai,Female,19
1269,Customer_989,1977-09-19,2024-03-08,3164.08,Bangalore,Male,49
1291,Customer_990,2003-04-03,2024-06-28,4063.16,Chennai,Female,23
1873,Customer_991,1977-03-27,2023-07-06,769.46,Hyderabad,Female,49
1632,Customer_992,1994-06-23,2023-10-06,3532.32,Chennai,Female,32
1328,Customer_993,1975-01-13,2023-06-05,343.2,Bangalore,Male,51
1190,Customer_994,1978-10-02,2023-10-16,1419.06,Pune,Female,48
1744,Customer_995,1974-07-14,2023-08-27,541.97,Hyderabad,Female,52
1222,Customer_996,1989-07-02,2024-03-06,1626.73,Kolkata,Female,37
1380,Customer_997,1994-12-19,2023-02-02,1718.22,Kolkata,Female,32
1057,Customer_998,1986-02-13,2024-02-06,449.79,Chennai,Female,40
1196,Customer_999,1985-05-20,2024-01-26,4158.44,Hyderabad,Female,41
1394,Customer_1000,2008-10-04,2024-03-29,1311.09,Hyderabad,Female,18
